Title,W&R_ID,Filename,Author,Company of First Production,Place_of_first_production,Date,earliest,latest,span,Date_of_publication,Genre,Metadata_source,Play-type,STC_or_WING,Version,DEEP_ID,STC-Wing,verse,prose,Primary_alternative
King Johan,64,KingJohan_1985,Bale John,NA,,1538,1538,1539,2,1985,History; moral,W&R,Private performance,NA,,NA,NA,"1,767",11,primary
Ralph Roister Doister,234,RalphRoisterDoister_1566,Udall Nicholas,NA,,1552,1550,1553,4,1566,Comedy,W&R,Interlude,24508,,71,24508,"2,014",0,primary
Gammer Gurton's Needle,253,GammerGurtonsNeedle_1575,Uncertain,NA,,1553,1551,1554,4,1575,Comedy,W&R,University,23263,,95,23263,"1,289",2,primary
Patient and Meek Grissel,350,PatientandMeekGrissel_1566,Phillip John,NA,,1559,1558,1566,9,1566,Comedy,W&R,Interlude,19865,,81,19865,"2,105",4,primary
Ferrex and Porrex,351,FerrexandPorrex_1565,Sackville Thomas,NA,,1562,,,1,1565,Tragedy,W&R,Inns of Court,18684,,59,18684,"1,796",2,primary
Damon and Pithias,389,DamonandPithias_1571,Edwards Richard,Children of the Chapel (first),,1564,1564,1565,2,1571,Tragicomedy,W&R,Boys Nonprofessional/School,7514,,89,7514,"1,869",48,primary
Appius and Virginia,432,AppiusandVirginia_1575,Uncertain,NA,,1564,1559,1567,9,1575,Classical Moral,W&R,Boys Nonprofessional/School (?),1059,,94,1059,969,0,primary
Tancred and Gismund,467,TancredandGismund_SilentReg_1591,Wilmot et al.,NA,,1567,1566,1569,4,1591,Tragedy,W&R,Inns of Court,25764,,138,25764,"1,565",0,primary
Clyomon and Clamydes,634,ClyomonandClamides_1599,Uncertain,Queen Elizabeth's Men,,1570,1570,1593,24,1599,Heroical Romance,W&R,Adult Professional,5450a,,276,5450a,"2,088",4,primary
Three Ladies of London,700,ThreeLadiesofLondon_1584,Wilson Robert,Leicester's Men,,1581,,,1,1584,Moral,W&R,Adult Professional,25784,,119,25784,"1,632",33,primary
Rare Triumphs of Love and Fortune,734,RareTriumphs_1589,Uncertain,Derby's (Strange's) Men,,1582,,,1,1589,Mythological Moral,W&R,Adult Professional,24286,,127,24286,"1,643",54,primary
Campaspe,746,Campaspe_1632_PV,Lyly John,Children of the Chapel (first);Children of Paul's (first),,1583,,,1,1632,Classical Legend (Comedy),W&R,Boys Professional,17088,,5098.02,17088,43,"1,612",primary
Fedele and Fortunia,747,FedeleandFortunia_1585,Munday Anthony (?),NA,,1584,1579,1584,6,1585,Comedy,W&R,Private; Translation,19447,,121,19447,"1,501",56,primary
Arraignment of Paris,751,ArraignmentofParis_1584,Peele George,Children of the Chapel (first),,1581,1581,1584,4,1584,Classical Legend (Pastoral),W&R,Boys Professional,19530,,114,19530,"1,266",1,primary
Sappho and Phao,753,SapphoAndPhao_1584,Lyly John,Children of the Chapel (first);Children of Paul's (first),,1583,,,1,1584,Classical Legend (Comedy),W&R,Boys Professional,17086,,111,17086,73,"1,602",primary
Gallathea,754,Gallathea_1592,Lyly John,Children of Paul's (first),,1585,1584,1585,2,1592,Classical Legend (Comedy),W&R,Boys Professional,17080,,140,17080,39,"1,628",primary
Famous Victories of Henry the Fifth,773,FamousVictories_1598,Uncertain,Queen Elizabeth's Men,,1586,1583,1587,5,1598,History,W&R,Adult Professional,13072,,252,13072,9,"1,572",primary
Spanish Tragedy,783,SpanishTragedy_SilentReg_1592,Kyd Thomas,Derby's (Strange's) Men,,1587,1585,1591,7,1592,Tragedy,W&R,Adult Professional,15086,,150,15086,"2,600",137,primary
Spanish Tragedy 1602,783,Spanish_Tragedy1602,Kyd Thomas,Derby's (Strange's) Men,,1587,1585,1591,7,1602,Tragedy,W&R,Adult Professional,15086,,150,15086,"2,600",137,alternative
1 Tamburlaine the Great,784,1Tamburlaine_SilentReg_1590,Marlowe Christopher,Admiral's (Nottingham's) Men,,1587,,,1,1590,Heroical Romance,W&R,Adult Professional,17425,,5017.01,workind,"2,221",96,primary
Alphonsus King of Aragon,788,Alphonsus_1599,Greene Robert,unknown,,1587,1587,1589,3,1599,Heroical Romance,W&R,Adult Professional,12233,,275,12233,"1,934",1,primary
2 Tamburlaine the Great,789,2Tamburlaine_1590,Marlowe Christopher,Admiral's (Nottingham's) Men,,1588,,,1,1590,Heroical Romance,W&R,Adult Professional,17425,,5017.02,17425,"2,254",82,primary
Endymion the Man in the Moon,794,Endymion_1591,Lyly John,Children of Paul's (first),,1588,1585,1588,4,1591,Classical Legend (Comedy),W&R,Boys Professional,17050,,133,17050,58,"2,198",primary
Soliman and Perseda,799,SolimanandPerseda_1592,Kyd Thomas,Uncertain,,1592,1588,1589,2,1592,Tragedy,W&R,Adult Professional,22894,,147,22894,"1,835",435,primary
Wounds of Civil War,802,WoundsofCivilWar_1594,Lodge Thomas,Admiral's (Nottingham's) Men,,1588,1587,1588,2,1594,Classical History,W&R,Adult Professional,16678,,188,16678,"2,444",119,primary
Doctor Faustus,810,DoctorFaustus_1604,Marlowe Christopher,Admiral's (Nottingham's) Men,,1592,1587,1589,3,1604,Tragedy,W&R,Adult Professional,17429,,369,17429,809,654,primary
Dr Faustus 1616,810,doctor_faustus_1616_no_foreign.txt,Marlowe Christopher,Admiral's (Nottingham's) Men,,1592,1587,1589,3,1616,Tragedy,W&R,Adult Professional,17429,,369,17429,809,654,alternative
Battle of Alcazar,811,BattleofAlcazar_1594,Peele George,Admiral's (Nottingham's) Men,,1589,1588,1589,2,1594,Foreign History,W&R,Adult Professional,19531,,195,19531,"1,447",7,primary
Wars of Cyrus,813,WarsofCyrus_1594,Uncertain,Children of the Chapel (first),,1588,1587,1590,4,1594,Classical History,W&R,Boys Professional,6160,,205,6160,"1,697",22,primary
Woman in the Moon,819,WomanintheMoon_1597,Lyly John,unknown,,1593,1587,1590,4,1597,Comedy,W&R,Boys Professional,17090,,239,17090,"1,404",174,primary
Dido Queen of Carthage,820,Dido_SilentReg_1594,Marlowe and Nashe,Children of the Chapel (first),,1586,1587,1589,3,1594,Tragedy,W&R,Boys Professional,17441,,196,17441,"1,256",0,primary
Three Lords and Three Ladies of London,821,ThreeLordsandThreeLadies_1590,Wilson Robert,Queen Elizabeth's Men,,1588,1588,1590,3,1590,Moral,W&R,Adult Professional,25783,,128,25783,"1,321",916,primary
Friar Bacon and Friar Bongay,822,FriarBacon_1594,Greene Robert,Queen Elizabeth's Men,,1589,1588,1592,5,1594,Comedy,W&R,Adult Professional,12267,,185,12267,"1,641",444,primary
2 Troublesome Reign of King John,824,TroublesomeReignofKingJohn_1591,Uncertain,Queen Elizabeth's Men,,1591,1587,1591,5,1591,History,W&R,Adult Professional,14644 (pt. 2),,135,14644 (pt. 2),"2,525",281,primary
Mother Bombie,826,MotherBombie_1594,Lyly John,Children of Paul's (first),,1591,1587,1590,4,1594,Comedy,W&R,Boys Professional,17084,,192,17084,108,"2,049",primary
Jew of Malta,828,JewofMalta_SilentReg_1633,Marlowe Christopher,Queen Henrietta Maria's Men,,1589,1589,1590,2,1633,Tragedy,W&R,Adult Professional,17412,,812,17412,"1,822",466,primary
Looking Glass for London and England,829,LookingGlass_1598,Greene and Lodge,Derby's (Strange's) Men,,1588,1589,1591,3,1598,Biblical Moral,W&R,Adult Professional,16680,,175,16680,"1,512",774,primary
Midas,835,Midas_1592,Lyly John,Children of Paul's (first),,1589,1589,1590,2,1592,Comedy,W&R,Boys Professional,17083,,141,17083,101,"1,798",primary
King Leir,838,KingLeir_1605,Uncertain,Queen Elizabeth's Men,,1590,1586,1594,9,1605,Legendary History,W&R,Adult Professional,15343,,390,15343,"2,345",224,primary
True Tragedy of Richard the Third,839,TrueTragedyofRichardIII_1594,Uncertain,Queen Elizabeth's Men,,1591,1588,1591,4,1594,History,W&R,Adult Professional,21009,,194,21009,"1,055","1,109",primary
Love's Metamorphosis,841,LovesMetamorphosis_1601,Lyly John,Children of Paul's (first); Children of the Chapel (second),,1590,1585,1590,6,1601,Pastoral,W&R,Boys Professional,17082,,317,17082,0,"1,312",primary
Arden of Faversham,846,ArdenofFaversham_SilentReg_1592,Uncertain,unknown,,1591,1587,1592,6,1592,Tragedy,W&R,Adult Professional,733,,142,733,"1,993",464,primary
Fair Em,852,FairEm_1591,Uncertain,Derby's (Strange's) Men,,1590,1589,1591,3,1591,Romantic Comedy,W&R,Adult Professional,7675,,164,7675,"1,004",470,primary
James the Fourth,854,JamesIV_1598,Greene Robert,unknown,,1590,1588,1592,5,1598,History,W&R,Adult Professional,12308,,255,12308,"1,782",562,primary
Jack Straw,855,JackStraw_1593,Uncertain,unknown,,1590,1580,1593,14,1594,History,W&R,Adult Professional,,,,,697,216,primary
Antonius,865,Antonius_V_1595,Sidney Mary,NA,,1590,,,1,1595,Tragedy,W&R,Closet Translation,11623,,146,11623,"2,000",0,primary
John a Kent and John a Cumber,866,JohnaKentJohnaCumber_1923,Munday Anthony,Uncertain,,1590,1585,1596,12,1923,Comedy,W&R,Adult Professional,Malone Soc,,NA,Malone Soc,"1,447",159,primary
Love of David and Fair Bathsheba,870,LoveofKingDavidandFairBethsabe_SilentReg_1599,Peele George,unknown,,1594,1584,1594,11,1599,Biblical History,W&R,Adult Professional,19540,,280,19540,"1,906",11,primary
Orlando Furioso,876,OrlandoFurioso_1594,Greene Robert,unknown,,1591,1588,1592,5,1594,Romantic Comedy,W&R,Adult Professional,12265,,189,12265,"1,191",288,primary
Edward the First,881,EdwardI_1593,Peele George,unknown,,1591,1590,1593,4,1593,History,W&R,Adult Professional,19535,,162,19535,"1,883",833,primary
Mucedorus,884,Mucedorus_1598,Uncertain,unknown,Court,1591,1590,1598,9,1598,Romance,W&R,Adult Professional,18230,Q1,,18230,NA,NA,primary
Mucedorus,884,Mucedorus_1610,Uncertain,Kings Men,Whitehall Palace,1591,1590,1598,9,1610,Romance,W&R,Adult Professional,18232,Q3,,18232,876,555,primary
Locrine,885,Locrine_1595,Uncertain,Unknown,,1591,1590,1594,5,1595,Tragedy,W&R,Adult Professional,21528,,,,"1,798",294,primary
2 Henry the Sixth,888,2HenryVI_1623,Shakespeare and others,Pembroke's Men,,1591,1587,1592,6,1623,History,W&R,Adult Professional,22273,F1,5081.21,22273,"2,599",497,primary
2 Henry VI Q1,888,2HenryVI_1594,Shakespeare and others,Pembroke's Men,,1591,1587,1592,6,1594,History,W&R,Adult Professional,22273,F1,5081.21,22273,"2,599",497,alternative
George a Green,893,GeorgeaGreene_1599,Uncertain,Sussex's Men,,1590,1587,1592,6,1599,Romantic Comedy,W&R,Adult Professional,12212,,277,12212,861,372,primary
3 Henry the Sixth,902,3HenryVI_1623,Shakespeare and others,Pembroke's Men,,1591,1587,1592,6,1623,History,W&R,Adult Professional,22273,F1,5081.22,22273,"2,873",28,primary
3 Henry VI Q1,902,3HenryVI_1595,Shakespeare and others,Pembroke's Men,,1591,1587,1592,6,1595,History,W&R,Adult Professional,22273,F1,5081.22,22273,"2,873",28,alternative
1 Selimus,904,1Selimus_SilentReg_1638,Uncertain,Queen Elizabeth's Men,,1592,1591,1594,4,1638,Heroical Romance,W&R,Adult Professional,12310b,,204,12310b,"2,343",73,primary
John of Bordeaux,908,JohnofBordeaux_1936_HandShiftfree,Uncertain,Lord Strange's Men (?),,1591,1589,1594,6,1936,Romance,W&R,Adult Professional,Malone Soc,,NA,Malone Soc,"1,243",180,primary
Old Wives Tale,913,OldWivesTale_1595,Peele George,Queen Elizabeth's Men,,1590,1588,1595,8,1595,Romance,W&R,Adult Professional,19545,,211,19545,305,772,primary
Taming of the Shrew,916,TamingoftheShrew_1623,Shakespeare William,unknown,,1591,1589,1592,4,1623,Comedy,W&R,Adult Professional,22273,F1,5081.11,22273,"1,987",607,primary
1 Henry the Sixth,919,1HenryVI_1623,Shakespeare and others,Derby's (Strange's) Men,,1592,,,1,1623,History,W&R,Adult Professional,22273,F1,5081.2,22273,"2,649",27,primary
Cobbler's Prophecy,920,CobblersProphecy_1594,Wilson Robert,unknown,,1590,1589,1593,5,1594,Comedy,W&R,Adult Professional,25781,,191,25781,"1,106",391,primary
Edward the Second,927,EdwardII_1594,Marlowe Christopher,Pembroke's Men,,1592,1591,1593,3,1594,History,W&R,Adult Professional,17437,,197,17437,"2,514",124,primary
Titus Andronicus,928,TitusAndronicus_1594,Shakespeare and Peele,Derby's (Strange's) Men; Pembroke's Men; Sussex's Men,,1592,1584,1594,11,1594,Tragedy,W&R,Adult Professional,22328,Q1,171,22328,"2,372",57,primary
Titus Andronicus F,928,TitusAndronicus_1623,Shakespeare and Peele,Derby's (Strange's) Men; Pembroke's Men; Sussex's Men,,1592,1584,1594,11,1623,Tragedy,W&R,Adult Professional,22328,Q1,171,22328,"2,372",57,alternative
Knack to Know a Knave,930,KnacktoKnowaKnave_1594,Uncertain,Derby's (Strange's) Men,,1592,,,1,1594,Comedy,W&R,Adult Professional,15027,,168,15027,"1,173",691,primary
Summer's Last Will and Testament,941,SummersLastWillandTestament_1600,Nashe Thomas,Children of the Chapel (first),,1592,,,1,1600,Comedy,W&R,Boys Professional,18376,,305,18376,"1,189",696,primary
Comedy of Errors,944,ComedyofErrors_SilentReg_1623,Shakespeare William,Derby's (Strange's) Men,,1594,1589,1593,5,1623,Comedy,W&R,Adult Professional,22273,F1,5081.05,22273,"1,507",257,primary
Massacre at Paris,947,MassacreatParis_1594,Marlowe Christopher,Admiral's (Nottingham's) Men,,1593,1589,1593,5,1594,Foreign History,W&R,Adult Professional,17423,,207,17423,"1,040",272,primary
Cleopatra,949,Cleopatra_V_1607,Daniel Samuel,NA,,1593,1590,1593,4,1607,Tragedy,W&R,Closet,6240,,5064.02,6240,"1,737",0,primary
Richard III F,950,Richard_3_1623,Shakespeare William,Lord Chamberlain's (Hunsdon's) Men,,1592,1591,1597,7,1623,History,W&R,Adult Professional,22314,Q1,225,22314,"3,243",150,alternative
Richard the Third,950,RichardIII_1597,Shakespeare William,Lord Chamberlain's (Hunsdon's) Men,,1592,1591,1597,7,1597,History,W&R,Adult Professional,22314,Q1,225,22314,"3,243",150,primary
Reign of King Edward the Third,952,EdwardIII_1596,Uncertain,Admiral's (Nottingham's) Men,,1590,1590,1594,5,1596,History,W&R,Adult Professional,7501,,215,7501,"2,463",28,primary
Cornelia,954,Cornelia_1594,Kyd Thomas,NA,,1594,,,1,1594,Tragedy,W&R,Closet (?) Translation,11622,,169,11622,"2,037",0,primary
Taming of a Shrew,955,TamingofaShrew_1594,Uncertain,Pembroke's Men,,1592,1592,1594,3,1594,Comedy,W&R,Adult Professional,23667,,181,23667,"1,102",415,primary
Knack to Know an Honest Man,969,KnacktoKnowanHonestMan_1596,Uncertain,Admiral's (Nottingham's) Men,,1594,,,1,1596,Tragicomedy,W&R,Adult Professional,15028,,214,15028,"1,422",264,primary
Two Gentlemen of Verona,970,TwoGentlemenofVerona_1623,Shakespeare William,Lord Chamberlain's (Hunsdon's) Men,,1590,1587,1598,12,1623,Comedy,W&R,Adult Professional,22273,F1,5081.02,22273,"1,623",579,primary
Romeo and Juliet,987,RomeoandJuliet_1599,Shakespeare William,Lord Chamberlain's (Hunsdon's) Men,,1595,1593,1596,4,1599,Tragedy,W&R,Adult Professional,22323,Q2,234,22323,"2,570",396,primary
Romeo and Juliet F,987,RomeoandJuliet_1623,Shakespeare William,Lord Chamberlain's (Hunsdon's) Men,,1595,1593,1596,4,1623,Tragedy,W&R,Adult Professional,22323,Q2,234,22323,"2,570",396,alternative
Romeo and Juliet Q1,987,RomeoandJuliet_1597,Shakespeare William,Lord Chamberlain's (Hunsdon's) Men,,1595,1593,1596,4,1597,Tragedy,W&R,Adult Professional,22323,Q2,234,22323,"2,570",396,alternative
Romeo and Juliet Q3,987,RomeoAndJuliet_1609_Q3,Shakespeare William,Lord Chamberlain's (Hunsdon's) Men,,1595,1593,1596,4,1609,Tragedy,W&R,Adult Professional,22323,Q2,234,22323,"2,570",396,alternative
Richard II F,1002,RichardII_1623,Shakespeare William,Lord Chamberlain's (Hunsdon's) Men,,1595,1595,1597,3,1623,History,W&R,Adult Professional,22307,Q1,217,22307,"2,713",38,alternative
Richard II Q3,1002,RichardII_1598_Q3,Shakespeare William,Lord Chamberlain's (Hunsdon's) Men,,1595,1595,1597,3,1598,History,W&R,Adult Professional,22307,Q1,217,22307,"2,713",38,alternative
Richard the Second,1002,RichardII_1597,Shakespeare William,Lord Chamberlain's (Hunsdon's) Men,,1595,1595,1597,3,1597,History,W&R,Adult Professional,22307,Q1,217,22307,"2,713",38,primary
Midsummer Night's Dream,1012,MidSummerNightsDream_1600,Shakespeare William,Lord Chamberlain's (Hunsdon's) Men,,1595,1594,1598,5,1600,Comedy,W&R,Adult Professional,22302,Q1,297,22302,"1,720",396,primary
Midsummer Night's Dream F,1012,MidsummerNightsDream_1623,Shakespeare William,Lord Chamberlain's (Hunsdon's) Men,,1595,1594,1598,5,1623,Comedy,W&R,Adult Professional,22302,Q1,297,22302,"1,720",396,alternative
Two Lamentable Tragedies,1015,TwoLamentableTragedies_1601,Yarington Robert,Admiral's (Nottingham's) Men,,1594,1594,1598,5,1601,Tragedy,W&R,Adult Professional,26076,,322,26076,"2,551",63,primary
Love's Labor's Lost,1031,LovesLaboursLost_1598,Shakespeare William,Lord Chamberlain's (Hunsdon's) Men,,1595,1594,1597,4,1598,Comedy,W&R,Adult Professional,22294,Q1,256,22294,"1,719",860,primary
Love's Labour's Lost F,1031,LovesLaboursLost_1623,Shakespeare William,Lord Chamberlain's (Hunsdon's) Men,,1595,1594,1597,4,1623,Comedy,W&R,Adult Professional,22294,Q1,256,22294,"1,719",860,alternative
Blind Beggar of Alexandria,1032,BlindBeggar_1598,Chapman George,Admiral's (Nottingham's) Men,,1596,,,1,1598,Comedy,W&R,Adult Professional,4965,,249,4965,"1,138",437,primary
Mustapha,1041,Mustapha_SilentReg_1609,Greville Fulke,NA,,1596,1594,1600,7,1609,Tragedy,W&R,Closet,12362,,536,12362,"1,875",0,primary
King John,1043,KingJohn_1623,Shakespeare William,Lord Chamberlain's (Hunsdon's) Men,,1596,1594,1598,5,1623,History,W&R,Adult Professional,22273,F1,5081.15,22273,"2,563",6,primary
Merchant of Venice,1047,MerchantofVenice_1600,Shakespeare William,Lord Chamberlain's (Hunsdon's) Men,,1596,1596,1598,3,1600,Comedy,W&R,Adult Professional,22296,Q1,301,22296,"1,971",503,primary
Merchant of Venice F,1047,MerchantofVenice_1623,Shakespeare William,Lord Chamberlain's (Hunsdon's) Men,,1596,1596,1598,3,1623,Comedy,W&R,Adult Professional,22296,Q1,301,22296,"1,971",503,alternative
Captain Thomas Stukeley,1049,CaptainThomasStukeley_1605,Uncertain,Admiral's (Nottingham's) Men,,1596,,,1,1605,History,W&R,Adult Professional,23405,,408,23405,"2,347",400,primary
1 Henry IV F,1059,1HenryIV_1623,Shakespeare William,Lord Chamberlain's (Hunsdon's) Men,,1597,1596,1597,2,1623,History,W&R,Adult Professional,22279a,Q1,240,22279a,"1,648","1,140",alternative
1 Henry the Fourth,1059,1HenryIV_1598,Shakespeare William,Lord Chamberlain's (Hunsdon's) Men,,1597,1596,1597,2,1598,History,W&R,Adult Professional,22279a,Q1,240,22279a,"1,648","1,140",primary
Edmond Ironside,1064,EdmondIronside_1927,Uncertain,Uncertain,,1597,1593,1603,11,1927,History,W&R,Adult Professional,Malone Soc,,NA,Malone Soc,"1,768",175,primary
Case Is Altered,1072,CaseIsAltered_SilentReg_1609,Jonson Ben,Children of the Queen's Revels,,1597,,,1,1609,Comedy,W&R,Boys Professional,14757,,541,14757,"1,280","1,076",primary
Humorous Day's Mirth,1073,HumorousDaysMirth_1599,Chapman George,Admiral's (Nottingham's) Men,,1597,,,1,1599,Comedy,W&R,Adult Professional,4987,,278,4987,656,"1,047",primary
Merry Wives of Windsor,1079,MerryWives_1623,Shakespeare William,Lord Chamberlain's (Hunsdon's) Men,,1597,1597,1602,6,1623,Comedy,W&R,Adult Professional,22273,F1,5081.03,22273,335,"2,324",primary
Merry Wives of Windsor Q1,1079,MerryWives_1602,Shakespeare William,Lord Chamberlain's (Hunsdon's) Men,,1597,1597,1602,6,1602,Comedy,W&R,Adult Professional,22273,F1,5081.03,22273,335,"2,324",alternative
Warning for Fair Women,1080,WarningforFairWomen_1599,Uncertain,Lord Chamberlain's (Hunsdon's) Men,,1599,1595,1599,5,1599,Tragedy,W&R,Adult Professional,25089,,274,25089,"2,098",348,primary
2 Henry IV F,1083,2 HenryIV_1623,Shakespeare William,Lord Chamberlain's (Hunsdon's) Men,,1597,1596,1600,5,1623,History,W&R,Adult Professional,22288,Q1,293,22288,"1,567","1,488",alternative
2 Henry the Fourth,1083,2HenryIV_1600_QB,Shakespeare William,Lord Chamberlain's (Hunsdon's) Men,,1597,1596,1600,5,1600,History,W&R,Adult Professional,22288,Q1,293,22288,"1,567","1,488",primary
Downfall of Robert Earl of Huntingdon,1106,DownfallofRobertEarlofHuntington_1601,Munday and Chettle,Admiral's (Nottingham's) Men,,1598,,,1,1601,History,W&R,Adult Professional,18271,,318,18271,"2,433",188,primary
Death of Robert Earl of Huntingdon,1107,DeathofRobertEarlofHuntington_1601,Munday and Chettle,Admiral's (Nottingham's) Men,,1598,,,1,1601,History,W&R,Adult Professional,18269,,319,18269,"2,735",87,primary
Englishmen for My Money,1120,EnglishmenforMyMoney_1616,Haughton William,Admiral's (Nottingham's) Men,,1598,,,1,1616,Comedy,W&R,Adult Professional,12931,,642,12931,"1,637",917,primary
Every Man in His Humor,1143,EveryManInHisHumour_SilentReg_1601,Jonson Ben,Lord Chamberlain's (Hunsdon's) Men,,1598,,,1,1601,Comedy,W&R,Adult Professional,14766,,313,14766,648,"2,273",primary
Every Man in His Humour F,1143,EveryManIn_1616_v2,Jonson Ben,Lord Chamberlain's (Hunsdon's) Men,,1598,,,1,1616,Comedy,W&R,Adult Professional,14766,,313,14766,648,"2,273",alternative
Much Ado About Nothing,1148,MuchAdoAboutNothing_1600,Shakespeare William,Lord Chamberlain's (Hunsdon's) Men,,1598,,,1,1600,Comedy,W&R,Adult Professional,22304,Q1,295,22304,727,"1,769",primary
Much Ado About Nothing F,1148,MuchAdoAboutNothing_1623,Shakespeare William,Lord Chamberlain's (Hunsdon's) Men,,1598,,,1,1623,Comedy,W&R,Adult Professional,22304,Q1,295,22304,727,"1,769",alternative
Virtuous Octavia,1150,VirtuousOctavia_1598,Brandon Samuel,NA,,1598,,,1,1598,Tragicomedy,W&R,Closet,3544,,250,3544,"2,340",0,primary
1 Two Angry Women of Abingdon,1151,1TwoAngryWomenofAbingdon_1599,Porter Henry,Admiral's (Nottingham's) Men,,1598,,,1,1599,Comedy,W&R,Adult Professional,20121.5,,281,20121.5,"1,887","1,083",primary
Henry the Fifth,1183,HenryV_1623,Shakespeare William,Lord Chamberlain's (Hunsdon's) Men,,1599,,,1,1623,History,W&R,Adult Professional,22273,F1,5081.19,22273,"1,878","1,335",primary
Henry V Q1,1183,HenryV_1600,Shakespeare William,Lord Chamberlain's (Hunsdon's) Men,,1599,,,1,1600,History,W&R,Adult Professional,22273,F1,5081.19,22273,"1,878","1,335",alternative
Look About You,1184,LookAboutYou_1600,Uncertain,Admiral's (Nottingham's) Men,,1599,1598,1600,3,1600,Comedy,W&R,Adult Professional,16799,,306,16799,"2,421",589,primary
Shoemaker's Holiday,1188,ShoemakersHoliday_SilentReg_1600,Dekker Thomas,Admiral's (Nottingham's) Men,,1599,,,1,1600,Comedy,W&R,Adult Professional,6523,,307,6523,965,"1,157",primary
Larum for London,1191,ALarumforLondon_1602,Uncertain,Lord Chamberlain's (Hunsdon's) Men,,1599,1594,1600,7,1602,History,W&R,Adult Professional,16754,,342,16754,"1,428",150,primary
1 Edward the Fourth,1195,1EdwardIV_1599,Heywood Thomas,Derby's (Strange's) Men,,1599,,,1,1599,History,W&R,Adult Professional,13341,,5048.01,13341,"2,038",753,primary
2 Edward the Fourth,1196,2EdwardIV_1599,Heywood Thomas,Derby's (Strange's) Men,,1599,,,1,1599,History,W&R,Adult Professional,13341,,5048.02,13341,"2,880",118,primary
Julius Caesar,1198,JuliusCaesar_SilentReg_1623,Shakespeare William,Lord Chamberlain's (Hunsdon's) Men,,1599,,,1,1623,Tragedy,W&R,Adult Professional,22273,F1,5081.3,22273,"2,190",269,primary
Weakest Goeth to the Wall,1208,WeakestGoethToTheWall_1600,Uncertain,Oxford's Men,,1599,1591,1600,10,1600,comedy,W&R,Adult Professional,25144,,,25144,"1,878",434,primary
1 Sir John Oldcastle,1211,1SirJohnOldcastle_1600,Wilson et al.,Admiral's (Nottingham's) Men,,1599,,,1,1600,History,W&R,Adult Professional,18795,,291,18795,"1,683",897,primary
Every Man Out of His Humor,1216,EveryManOutofHisHumour_SilentReg_1600,Jonson Ben,Lord Chamberlain's (Hunsdon's) Men,,1599,,,1,1600,Comedy,W&R,Adult Professional,14767,,284,14767,688,"3,522",primary
Old Fortunatus,1217,OldFortunatus_1600,Dekker Thomas,Admiral's (Nottingham's) Men,,1599,,,1,1600,Comedy,W&R,Adult Professional,6517,,283,6517,"1,862",983,primary
Antonio and Mellida,1218,AntonioandMellida_1602,Marston John,Children of Paul's (second),,1599,1599,1601,3,1602,Tragicomedy,W&R,Boys Professional,17473,,325,17473,"1,093",768,primary
Lust's Dominion,1235,LustsDominion_1657,Uncertain,Admiral's (Nottingham's) Men,,1600,,,1,1657,Tragedy,W&R,Adult Professional,L3504AB,,1144,L3504AB,"2,286",217,primary
As You Like It,1237,AsYouLikeIt_1623,Shakespeare William,Lord Chamberlain's (Hunsdon's) Men,,1599,1598,1600,3,1623,Comedy,W&R,Adult Professional,22273,F1,5081.1,22273,"1,159","1,533",primary
Jack Drum's Entertainment,1239,JackDrumsEntertainment_1601,Marston John,Children of Paul's (second),,1600,,,1,1601,Domestic Comedy,W&R,Boys Professional,7243,,314,7243,"1,179",838,primary
Devil and his Dame,1253,DevilandHisDame_1662,Haughton William,Admirals Men at the Rose,,1600,,,1,1662,Comedy,W&R,Adult Professional,G1580,,NA,G1580,"1,678",353,primary
Hamlet F,1259,Hamlet_1623,Shakespeare William,Lord Chamberlain's (Hunsdon's) Men,,1601,1600,1602,3,1623,Tragedy,W&R,Adult Professional,22276,Q2,348,22276,"2,692","1,006",alternative
Hamlet Prince of Denmark,1259,Hamlet_1604,Shakespeare William,Lord Chamberlain's (Hunsdon's) Men,,1601,1600,1602,3,1604,Tragedy,W&R,Adult Professional,22276,Q2,348,22276,"2,692","1,006",primary
Hamlet Q1,1259,Hamlet_1603,Shakespeare William,Lord Chamberlain's (Hunsdon's) Men,,1601,1600,1602,3,1603,Tragedy,W&R,Adult Professional,22276,Q2,348,22276,"2,692","1,006",alternative
Cynthia's Revels,1269,CynthiasRevels_SilentReg_1601,Jonson Ben,Children of the Chapel (second),,1600,1600,1601,2,1601,Comedy,W&R,Boys Professional,14773,,320,14773,828,"2,147",primary
1 Jeronimo,1270,1Jeronimo_1605,Uncertain,King's Men,,1604,1587,1605,19,1605,Pseudo-History,W&R,Adult Professional,15085,,409,15085,"1,073",106,primary
Antonio's Revenge,1271,AntoniosRevenge_SilentReg_1602,Marston John,Children of Paul's (second),,1600,1600,1601,2,1602,Tragedy,W&R,Boys Professional,17474,,326,17474,"1,665",277,primary
Sir Thomas More,1277,SirThomasMore-1911,Uncertain,Lord Chamberlain's Men at the Globe (?),,1601,1590,1610,21,1911,History,W&R,Adult Professional,Malone Soc,Original,NA,Malone Soc,"1,565",314,primary
What You Will,1283,WhatYouWill_1607,Marston John,Children of Paul's (second),,1601,,,1,1607,Comedy,W&R,Boys Professional,17487,,490,17487,"1,008","1,082",primary
Thomas Lord Cromwell,1290,ThomasLordCromwell_1602,Uncertain,Lord Chamberlain's (Hunsdon's) Men,,1600,1599,1602,4,1602,History,W&R,Adult Professional,21532,,332,21532,"1,422",236,primary
Poetaster,1296,Poetaster_SilentReg_1602,Jonson Ben,Children of the Chapel (second),,1601,,,1,1602,Comedy,W&R,Boys Professional,14781,,327,14781,"1,145","1,963",primary
Poetaster F,1296,Poetaster_1616_v2,Jonson Ben,Children of the Chapel (second),,1601,,,1,1616,Comedy,W&R,Boys Professional,14781,,327,14781,"1,145","1,963",alternative
Twelfth Night,1297,TwelfthNight_SilentReg_1623,Shakespeare William,Lord Chamberlain's (Hunsdon's) Men,,1601,1600,1602,3,1623,Comedy,W&R,Adult Professional,22273,F1,5081.13,22273,941,"1,524",primary
Satiromastix,1304,Satiromastix_1602,Dekker Thomas,Children of Paul's (second);Lord Chamberlain's (Hunsdon's) Men,,1601,,,1,1602,Comedy,W&R,Adult Professional; Boys Professional,6520.7,,343,6520.7,867,"1,743",primary
Histriomastix,1314,Histriomastix_1610,Marston John,Children of Paul's (second),,1599,1600,1603,4,1610,Comedy,W&R,Boys Professional,13529,,561,13529,"1,332",386,primary
Troilus and Cressida,1325,TroilusandCressida_1609,Shakespeare William,King's Men,,1602,1601,1603,3,1609,Tragedy,W&R,Adult Professional,22331,Q1,538,22331,"2,162","1,040",primary
Troilus and Cressida F,1325,TroilusandCressida_1623,Shakespeare William,King's Men,,1602,1601,1603,3,1623,Tragedy,W&R,Adult Professional,22331,Q1,538,22331,"2,162","1,040",alternative
Sir Giles Goosecap,1340,SirGilesGoosecap_1606,Chapman George,Children of the Chapel (second),,1602,1601,1603,3,1606,Comedy,W&R,Boys Professional,12050,,421,12050,683,"1,908",primary
Four Prentices of London,1351,FourPrenticesofLondon_1615,Heywood Thomas,Queen Anne's Men,,1594,1601,1607,7,1615,Heroical Romance,W&R,Adult Professional,13321,,631,13321,"2,448",192,primary
Gentleman Usher,1377,GentlemanUsher_1606,Chapman George,unknown,,1602,1602,1605,4,1606,Comedy,W&R,Boys Professional,4978,,419,4978,"2,119",299,primary
Hoffman,1384,Hoffman_1631,Chettle Henry,Admiral's (Nottingham's) Men,,1602,,,1,1631,Tragedy,W&R,Adult Professional,5125,,761,5125,"1,994",432,primary
Malcontent,1391,Malcontent_1604,Marston John,Children of the Queen's Revels,,1604,1602,1604,3,1604,Tragicomedy,W&R,Adult Professional; Boys Professional,17479,,359,17479,744,"1,150",primary
Woman Killed with Kindness,1393,WomanKilledwithKindness_SilentReg_1607,Heywood Thomas,Worcester's Men,,1603,,,1,1607,Tragedy,W&R,Adult Professional,13371,,502,13371,"1,772",211,primary
Sejanus,1412,SejanusHisFall_SilentReg_1605,Jonson Ben,King's Men,,1604,,,1,1605,Tragedy,W&R,Adult Professional,14782,,401,14782,"3,149",101,primary
Measure for Measure,1413,MeasureforMeasure_SilentReg_1623,Shakespeare & Middleton,King's Men,,1603,1603,1604,2,1623,Comedy,W&R,Adult Professional,22273,F1,5081.04,22273,"1,596","1,019",primary
Phoenix,1420,Phoenix_SilentReg_1607,Middleton Thomas,Children of Paul's (second),,1603,1603,1604,2,1607,Comedy,W&R,Boys Professional,17892,,464,17892,746,"1,733",primary
1 If You Know Not Me You Know Nobody,1427,1IfyouKnowNotMe_1605,Heywood Thomas,Queen Anne's Men,,1604,1603,1605,3,1605,History,W&R,Adult Professional,13328,,392,13328,"1,105",322,primary
Bussy D'Ambois,1428,BussyDAmbois_1607,Chapman George,Children of Paul's (second),,1604,,,1,1607,Foreign History,W&R,Boys Professional,4966,,472,4966,"2,152",150,primary
2 If You Know Not Me You Know Nobody,1433,2IfYouKnowNotMe_1606,Heywood Thomas,Queen Anne's Men,,1605,1603,1605,3,1606,History,W&R,Adult Professional,13336,,412,13336,"1,756",798,primary
Dutch Courtesan,1434,DutchCourtesan_1605,Marston John,Children of the Queen's Revels,,1605,1603,1605,3,1605,Comedy,W&R,Boys Professional,17475,,391,17475,608,"1,509",primary
Law Tricks,1436,LawTricks_1608,Day John,Children of the Queen's Revels,,1604,1604,1605,2,1608,Comedy,W&R,Boys Professional,6416,,521,6416,"1,192",814,primary
Othello,1437,Othello_1622,Shakespeare William,King's Men,,1604,1601,1604,4,1622,Tragedy,W&R,Adult Professional,22305,Q1,694,22305,"2,348",672,primary
Othello F,1437,Othello_1623,Shakespeare William,King's Men,,1604,1601,1604,4,1623,Tragedy,W&R,Adult Professional,22305,Q1,694,22305,"2,348",672,alternative
May Day,1439,MayDay_1611,Chapman George,Children of the Chapel (second),,1602,1601,1608,8,1611,Comedy,W&R,Boys Professional,4980,,573,4980,171,"2,415",primary
Philotas,1440,Philotas_1605,Daniel Samuel,Children of the Queen's Revels,,1604,1600,1604,5,1605,Tragedy,W&R,Boys Professional,6239,,411,6239,"2,131",0,primary
When You See Me You Know Me,1441,WhenYouSeeMe_1605,Rowley Samuel,Prince Henry's Men,,1604,1604,1605,2,1605,History,W&R,Adult Professional,21417,,386,21417,"1,823","1,192",primary
Michaelmas Term,1444,MichaelmasTerm_SilentReg_1607,Middleton Thomas,Children of Paul's (second),,1604,1604,1607,4,1607,Comedy,W&R,Boys Professional,17890,,466,17890,569,"1,779",primary
All Fools,1448,AllFools_1605,Chapman George,Children of the Queen's Revels,,1601,,,1,1605,Comedy,W&R,Boys Professional,4963,,407,4963,"1,772",478,primary
Parasitaster,1455,Parasitaster_1606,Marston John,Children of the Queen's Revels,,1604,1603,1606,4,1606,Comedy,W&R,Boys Professional,17483,,426,17483,653,"1,181",primary
Widow's Tears,1456,WidowsTears_1612,Chapman George,Children of the Queen's Revels,,1604,1603,1605,3,1612,Comedy,W&R,Boys Professional,4994,,577,4994,723,"1,895",primary
Caesar and Pompey,1457,CaesarandPompey_1631,Chapman George,Unknown,,1605,1595,1606,12,1631,Classical History,W&R,Adult Professional (?); Unacted (?),4993,,769,4993,"2,483",0,primary
2 Honest Whore,1459,2HonestWhore_1630,Dekker Thomas,Prince Henry's Men,,1605,1604,1608,5,1630,Comedy,W&R,Adult Professional,6506,,755,6506,"1,085","1,735",primary
All's Well That Ends Well,1461,AllsWell_1623,Shakespeare William,Lord Chamberlain's (Hunsdon's) Men,,1605,1601,1608,8,1623,Comedy,W&R,Adult Professional,22273,F1,5081.12,22273,"1,416","1,275",primary
Trick to Catch the Old One,1467,TricktoCatchtheOldOne_SilentReg_1608,Middleton Thomas,Children of Paul's (second),,1605,1604,1606,3,1608,Comedy,W&R,Boys Professional,17896,,506,17896,527,"1,572",primary
Monsieur D'Olive,1468,MonsieurdOlive_1606,Chapman George,Children of the Queen's Revels,,1605,1605,1606,2,1606,Comedy,W&R,Boys Professional,4983,,445,4983,863,"1,099",primary
Mad World My Masters,1479,MadWorldmyMasters_SilentReg_1608,Middleton Thomas,Children of Paul's (second),,1605,1605,1606,2,1608,Comedy,W&R,Boys Professional,17888,,530,17888,513,"1,640",primary
Mariam,1481,Mariam_1613,Cary Elizabeth,NA,,1604,1602,1609,8,1613,Tragedy,W&R,Closet,4613,,586,4613,"2,171",0,primary
Wonder of Women,1485,WonderofWomen_SilentReg_1606,Marston John,Children of the Queen's Revels,,1605,1605,1606,2,1606,Tragedy,W&R,Boys Professional,17488,,428,17488,"1,581",10,primary
King Lear,1486,KingLear_1608,Shakespeare William,King's Men,,1605,1605,1606,2,1608,Tragedy,W&R,Adult Professional,22292,Q1,517,22292,"2,263",756,primary
King Lear F,1486,KingLear_1623,Shakespeare William,King's Men,,1605,1605,1606,2,1623,Tragedy,W&R,Adult Professional,22292,Q1,517,22292,"2,263",756,alternative
Isle of Gulls,1491,IsleofGulls_1606,Day John,Children of the Queen's Revels,,1606,1605,1606,2,1606,Comedy,W&R,Boys Professional,6412,,442,6412,366,"1,783",primary
Volpone,1493,Volpone_SilentReg_1607,Jonson Ben,King's Men,,1606,1605,1606,2,1607,Comedy,W&R,Adult Professional,14783,,504,14783,"2,941",154,primary
Fleer,1495,Fleer_1607,Sharpham Edward,Children of the Queen's Revels,,1606,,,1,1607,Comedy,W&R,Boys Professional,22384,,495,22384,113,"1,880",primary
Macbeth,1496,Macbeth_SilentReg_1623,Shakespeare & Middleton,King's Men,,1606,1606,1611,6,1623,Tragedy,W&R,Adult Professional,22273,F1,5081.31,22273,"1,955",211,primary
Whore of Babylon,1500,WhoreofBabylon_1607,Dekker Thomas,Prince Henry's Men,,1606,1606,1607,2,1607,Allegorical History,W&R,Adult Professional,6532,,460,6532,"2,153",249,primary
Puritan,1509,Puritan_1607,Middleton Thomas,Children of Paul's (second),,1606,1606,1607,2,1607,Comedy,W&R,Boys Professional,21531,,489,21531,181,"1,814",primary
Antony and Cleopatra,1517,AntonyandCleopatra_1623,Shakespeare William,King's Men,,1606,1606,1607,2,1623,Tragedy,W&R,Adult Professional,22273,F1,5081.35,22273,"2,667",342,primary
Revenger's Tragedy,1520,RevengersTragedy_SilentReg_1607,Middleton Thomas,King's Men,,1606,1604,1607,4,1607,Tragedy,W&R,Adult Professional,24149,,491,24149,"2,086",361,primary
Miseries of Enforced Marriage,1521,MiseriesofEnforcedMarriage_1607,Wilkins George,King's Men,,1606,1605,1607,3,1607,Domestic Drama,W&R,Adult Professional,25635,,484,25635,"1,187","1,610",primary
Woman Hater,1522,WomanHater_1607,Beaumont Francis,Children of Paul's (second),,1606,1604,1607,4,1607,Comedy,W&R,Boys Professional,1692,,468,1692,782,"1,968",primary
Cupid's Whirligig,1527,CupidsWhirligig_1607,Sharpham Edward,Children of the King's Revels,,1607,,,1,1607,Comedy,W&R,Boys Professional,22380,,478,22380,254,"2,497",primary
Your Five Gallants,1528,YourFiveGallants_SilentReg_1608,Middleton Thomas,Children of Paul's (second),,1607,1605,1608,4,1608,Comedy,W&R,Boys Professional,17907,,520,17907,621,"1,772",primary
Family of Love,1529,FamilyofLove_1608,Middleton Thomas,Children of the King's Revels,,1603,1606,1607,2,1608,Comedy,W&R,Boys Professional,17879,,509,17879,474,"1,861",primary
Every Woman in Her Humor,1532,EveryWomaninHerHumour_1609,Uncertain,Children of the King's Revels,,1607,1606,1608,3,1609,Comedy,W&R,Boys Professional,25948,,545,25948,503,"1,644",primary
Cupid's Revenge,1533,CupidsRevenge_1615,Beaumont and Fletcher,Children of the Queen's Revels,,1608,1606,1611,6,1615,Tragedy,W&R,Boys Professional,1667,,620,1667,"1,572","1,102",primary
Timon of Athens,1536,TimonofAthens_SilentReg_1623,Shakespeare William; Middleton Thomas,Unknown,,1605,1605,1608,4,1623,Tragedy,W&R,Adult Professional (?); Unacted (?),22273,F1,5081.29,22273,"1,574",719,primary
Pericles,1555,Pericles_1609,Shakespeare and Wilkins,King's Men,,1607,1606,1608,3,1609,Tragicomedy,W&R,Adult Professional,22334,Q1,546,22334,"1,840",469,primary
Turk,1557,Turk_1610,Mason John,Children of the King's Revels,,1607,1607,1608,2,1610,Tragedy,W&R,Boys Professional,17617,,553,17617,"1,791",362,primary
Rape of Lucrece,1558,RapeofLucrece_1638,Heywood Thomas,Queen Anne's Men,,1607,1607,1608,2,1638,Tragedy,W&R,Adult Professional,13363,,529,13363,"1,773",719,primary
Humor Out of Breath,1559,HumourOutofBreath_1608,Day John,Children of the King's Revels,,1608,1606,1608,3,1608,Comedy,W&R,Boys Professional,6411,,522,6411,675,"1,017",primary
Knight of the Burning Pestle,1562,KnightofBurningPestle_SilentReg_1613,Beaumont Francis,Children of the Queen's Revels,,1607,1607,1607,1,1613,Burlesque Romance,W&R,Boys Professional,1674,,604,1674,"1,293","1,151",primary
Dumb Knight,1563,DumbKnight_1608,Markham and Machin,Children of the King's Revels,,1608,1607,1608,2,1608,Comedy,W&R,Boys Professional,17399,,532,17399,"1,659",543,primary
Ram Alley,1572,RamAlley_1611,Barry Lording,Children of the King's Revels,,1608,1607,1608,2,1611,Comedy,W&R,Boys Professional,1502,,562,1502,"2,526",44,primary
Conspiracy of Charles Duke of Byron,1575,ByronsConspiracy_1608,Chapman George,Children of the Queen's Revels,,1608,1607,1608,2,1608,Tragedy,W&R,Boys Professional,4968,,5069.01,4968,"1,966",91,primary
Tragedy of Charles Duke of Byron,1576,ByronsTragedy_1608,Chapman George,Children of the Queen's Revels,,1608,1607,1608,2,1608,Tragedy,W&R,Boys Professional,4968,,5069.02,4968,"2,257",44,primary
Two Maids of More-Clacke,1577,TwoMaidsofMore-Clack_1609,Armin Robert,Children of the King's Revels,,1606,1607,1608,2,1609,Comedy,W&R,Boys Professional,773,,552,773,"1,603",736,primary
Faithful Shepherdess,1582,FaithfulShepherdess_1610,Fletcher John,Children of the Queen's Revels,,1608,1607,1608,2,1610,Pastoral,W&R,Boys Professional,11068,,555,11068,"2,637",0,primary
Coriolanus,1589,Coriolanus_SilentReg_1623,Shakespeare William,King's Men,,1608,1607,1609,3,1623,Tragedy,W&R,Adult Professional,22273,F1,5081.26,22273,"2,479",887,primary
Philaster,1597,Philaster_1620_v2,Beaumont and Fletcher,King's Men,,1609,1608,1610,3,1620,Tragicomedy,W&R,Adult Professional,1681,,677,1681,"1,867",739,primary
Epicene,1603,Epicene_SilentReg_1616,Jonson Ben,Children of the Queen's Revels,,1610,1609,1610,2,1616,Comedy,W&R,Boys Professional,14751,,5074.13,14751,71,"2,923",primary
Insatiate Countess,1605,InsatiateCountess_1613,Marston and Barkstead,Children of the Queen's Revels,,1607,1608,1613,6,1613,Tragedy,W&R,Boys Professional,17476,,599,17476,"1,814",670,primary
1 Fair Maid of the West,1607,1FairMaidoftheWest_1631,Heywood Thomas,Queen Henrietta Maria's Men,,1604,1609,1611,3,1631,Comedy,W&R,Adult Professional,13320,,773,13320,"1,379",454,primary
Woman's Prize,1609,WomansPrize_1647,Fletcher John,unknown,,1611,1607,1611,5,1647,Comedy,W&R,Adult Professional,B1581,,5143.24,B1581,"2,551",157,primary
Revenge of Bussy D'Ambois,1612,RevengeofBussy_SilentReg_1613,Chapman George,Children of the Queen's Revels,,1610,1609,1612,4,1613,Tragedy,W&R,Boys Professional,4989,,585,4989,"2,384",19,primary
Amends for Ladies,1615,AmendsforLadies_1618,Field Nathan,Lady Elizabeth's Men; Prince Charles's Men (first),,1611,1610,1611,2,1618,Comedy,W&R,Adult Professional,10851,,657,10851,"1,185",934,primary
Alchemist,1621,Alchemist_SilentReg_1612,Jonson Ben,King's Men,,1610,,,1,1612,Comedy,W&R,Adult Professional,14755,,579,14755,"3,047",22,primary
Cymbeline,1623,Cymbeline_1623,Shakespeare William,King's Men,,1610,1609,1611,3,1623,Tragicomedy,W&R,Adult Professional,22273,F1,5081.36,22273,"2,850",396,primary
Atheist's Tragedy,1625,AtheistsTragedy_SilentReg_1611,Tourneur Cyril,King's Men,,1611,1610,1611,2,1611,Tragedy,W&R,Adult Professional,24146,,565,24146,"1,906",674,primary
Valiant Welshman,1630,ValiantWelshman_1615,Uncertain,Prince Henry's Men,,1612,1610,1612,3,1615,History,W&R,Adult Professional,16,,619,16,"1,731",349,primary
Winter's Tale,1631,WintersTale_SilentReg_1623,Shakespeare William,King's Men,,1609,,,1,1623,Tragicomedy,W&R,Adult Professional,22273,F1,5081.14,22273,"2,153",825,primary
King and No King,1636,KingandNoKing_1619,Beaumont and Fletcher,King's Men,,1611,,,1,1619,Tragicomedy,W&R,Adult Professional,1670,,670,1670,"1,966","1,085",primary
If It Be Not Good the Devil Is in It,1641,IfItBeNotGood_1612,Dekker Thomas,Queen Anne's Men,,1611,1611,1612,2,1612,Comedy,W&R,Adult Professional,6507,,582,6507,"1,916",710,primary
Christian Turned Turk,1642,ChristianTurnedTurk_1612,Daborne Robert,unknown,,1610,1610,1612,3,1612,Tragedy,W&R,Boys Professional,6184,,576,6184,"1,196","1,070",primary
No Wit No Help Like a Woman's,1644,NoWit_SilentReg_1657,Middleton Thomas,Lady Elizabeth's Men,,1611,,,1,1657,Comedy,W&R,Adult Professional,M1985,,1147,M1985,"2,174",948,primary
Catiline His Conspiracy,1646,CatilineHisConspiracy_SilentReg_1611,Jonson Ben,King's Men,,1611,,,1,1611,Tragedy,W&R,Adult Professional,14759,,570,14759,"3,426",0,primary
Greene's Tu Quoque,1649,GreenesTuQuoque_1614,Cooke John,Queen Anne's Men,,1611,,,1,1614,Comedy,W&R,Adult Professional,5673,,611,5673,676,"2,193",primary
Maid's Tragedy,1650,MaidsTragedy_SilentReg_1619,Beaumont and Fletcher,King's Men,,1610,1610,1611,2,1619,Tragedy,W&R,Adult Professional,1677,,660,1677,"2,457",172,primary
Tempest,1652,Tempest_SilentReg_1623,Shakespeare William,King's Men,,1611,1610,1611,2,1623,Comedy,W&R,Adult Professional,22273,F1,5081.01,22273,"1,553",498,primary
Second Maiden's Tragedy,1655,SecondMaidensTragedy_SilentReg_1909,Middleton Thomas,King's Men,,1611,,,1,1909,Tragedy,W&R,Adult Professional,Malone Soc,,NA,Malone Soc,"2,120",28,primary
Captain,1665,Captain_1647,Fletcher John,King's Men,,1612,1609,1612,4,1647,Comedy,W&R,Adult Professional,B1581,,5143.06,B1581,"2,562",280,primary
Henry the Eighth,1674,HenryVIII_1623,Shakespeare and Fletcher,King's Men,,1613,1611,1613,3,1623,History,W&R,Adult Professional,22273,F1,5081.24,22273,"2,724",92,primary
White Devil,1689,WhiteDevil_SilentReg_1612,Webster John,Queen Anne's Men,,1612,1611,1612,2,1612,Tragedy,W&R,Adult Professional,25178,,583,25178,"2,413",549,primary
Hector of Germany,1707,HectorofGermany_1615,Smith Wentworth,NA,,1614,1613,1615,3,1615,Pseudo-History,W&R,Nonprofessional (?),22871,,623,22871,"1,756",197,primary
Chaste Maid in Cheapside,1715,ChasteMaid_SilentReg_1630,Middleton Thomas,Lady Elizabeth's Men,,1613,,,1,1630,Comedy,W&R,Adult Professional,17877,,753,17877,"1,883",54,primary
Honest Man's Fortune,1719,HonestMansFortune_1647,Field Massinger Fletcher,Lady Elizabeth's Men,,1613,,,1,1647,Tragicomedy,W&R,Adult Professional,B1581,,5143.26,B1581,"1,950",841,primary
Two Noble Kinsmen,1724,TwoNobleKinsmen_1634,Shakespeare and Fletcher,King's Men,,1613,,,1,1634,Tragicomedy,W&R,Adult Professional,11075,Q1,835,11075,"2,500",310,primary
Duchess of Malfi,1726,DuchessOfMalfi_SilentReg_1623,Webster John,King's Men,,1614,1612,1614,3,1623,Tragedy,W&R,Adult Professional,25176,,714,25176,"2,442",417,primary
Valentinian,1739,Valentinian_SilentReg_1647,Fletcher John,King's Men,,1614,1610,1614,5,1647,Tragedy,W&R,Adult Professional,B1581,,5143.31,B1581,"2,860",10,primary
Bonduca,1751,Bonduca_1647,Fletcher John,King's Men,,1613,1613,1614,2,1647,Tragedy,W&R,Adult Professional,B1581,,5143.19,B1581,"2,314",22,primary
Bartholomew Fair,1757,BartholomewFair_SilentReg_1631,Jonson Ben,Lady Elizabeth's Men,,1614,,,1,1631,Comedy,W&R,Adult Professional,14753.5,,5097.01,14753.5,190,"3,667",primary
Wit without Money,1758,WitWithoutMoney_1639,Fletcher John,Queen Henrietta Maria's Men,,1614,1614,1615,2,1639,Comedy,W&R,Adult Professional,1691,,932,1691,"2,125",3,primary
Widow,1787,Widow_1652,Middleton Thomas,King's Men,,1615,1615,1617,3,1652,Comedy,W&R,Adult Professional,J1015,,1059,J1015,"1,819",339,primary
Monsieur Thomas,1788,MonsieurThomas_1639,Fletcher John,Lady Elizabeth's Men,,1615,1613,1619,7,1639,Comedy,W&R,Adult Professional,11071,,922,11071,"2,340",0,primary
Witch,1805,Witch_1948,Middleton Thomas,King's Men,,1616,1608,1616,9,1948,Tragicomedy,W&R,Adult Professional,Malone Soc,,NA,Malone Soc,"1,728",147,primary
Mad Lover,1809,MadLover_1647,Fletcher John,King's Men,,1617,,,1,1647,Tragicomedy,W&R,Adult Professional,B1581,,5143.01,B1581,"2,019",11,primary
Devil Is an Ass,1810,DevilAnAss_SilentReg_1640,Jonson Ben,King's Men,,1616,,,1,1641,Comedy,W&R,Adult Professional,J1011,,5125.01,J1011,"3,040",0,primary
Chances,1819,Chances_1647,Fletcher John,King's Men,,1617,1616,1625,10,1647,Comedy,W&R,Adult Professional,B1581,,5143.1,B1581,"1,857",0,primary
Bloody Brother,1841,BloodyBrother_SilentReg_1639,Uncertain,King's Men,,1617,1617,1620,4,1639,Tragedy,W&R,Adult Professional,11064,,935,11064,"2,282",0,primary
Loyal Subject,1874,LoyalSubject_1647,Fletcher John,King's Men,,1618,,,1,1647,Tragicomedy,W&R,Adult Professional,B1581,,5143.11,B1581,"2,777",14,primary
Devil's Law Case,1875,DevilsLawCase_1623,Webster John,Queen Anne's Men,,1619,1617,1619,3,1623,Tragicomedy,W&R,Adult Professional,25173,,713,25173,"2,079",859,primary
All's Lost by Lust,1895,AllsLostbyLust_SilentReg_1633,Rowley William,Lady Elizabeth's Men;Queen Henrietta Maria's Men,,1619,1619,1620,2,1633,Tragedy,W&R,Adult Professional,21425,,807,21425,"1,147",947,primary
Humorous Lieutenant,1898,HumorousLieutenant_1647,Fletcher John,King's Men,,1619,1619,1623,5,1647,Tragicomedy,W&R,Adult Professional,B1581,,5143.15,B1581,"2,652",24,primary
Herod and Antipater,1901,HerodandAntipater_SilentReg_1622,Markham and Sampson,Red Bull (Revels) Company (first),,1622,1619,1620,2,1622,Tragedy,W&R,Adult Professional,17401,,703,17401,"2,537",237,primary
Hengist,1950,Hengist_SilentReg_2003,Middleton Thomas,King's Men,,1620,1616,1620,5,2003,Tragedy,W&R,Adult Professional,Malone Soc,,NA,Malone Soc,"1,831",727,primary
Women Pleased,1965,WomenPleased_1647,Fletcher John,King's Men,,1620,1619,1623,5,1647,Tragicomedy,W&R,Adult Professional,B1581,,5143.28,B1581,"2,234",36,primary
Island Princess,1975,IslandPrincess_1647,Fletcher John,King's Men,,1621,1619,1621,3,1647,Tragicomedy,W&R,Adult Professional,B1581,,5143.14,B1581,"2,421",104,primary
Women Beware Women,1981,WomenBewareWomen_SilentReg_1657,Middleton Thomas,King's Men,,1621,1618,1621,4,1657,Tragedy,W&R,Adult Professional,M1989,,5171.02,M1989,"2,761",166,primary
Wild Goose Chase,1990,WildGooseChase_1652,Fletcher John,King's Men,,1621,1620,1621,2,1652,Comedy,W&R,Adult Professional,B1616,,1060,B1616,"2,299",0,primary
More Dissemblers Besides Women,1993,MoreDissemblers_SilentReg_1657,Middleton Thomas,King's Men,,1614,1621,1622,2,1657,Comedy,W&R,Adult Professional,M1989,,5171.01,M1989,"1,952",341,primary
Pilgrim,1998,Pilgrim_1647,Fletcher John,King's Men,,1621,1619,1621,3,1647,Comedy,W&R,Adult Professional,B1581,,5143.22,B1581,"2,281",0,primary
Double Marriage,2007,DoubleMarriage_SilentReg_1647,Fletcher John; Massinger Philip,King's Men,,1620,1620,1623,4,1647,Tragedy,W&R,Adult Professional,B1581,,5143.21,B1581,"2,618",21,primary
Changeling,2010,Changeling_SilentReg_1653,Middleton and Rowley,Lady Elizabeth's Men,,1622,,,1,1653,Tragedy,W&R,Adult Professional,M1981,,1068,M1981,"1,617",484,primary
Nice Valor,2023,NiceValour_1647,Middleton Thomas,unknown,,1622,1622,1627,6,1647,Comedy,W&R,Adult Professional,B1581,,5143.16,B1581,"1,682",56,primary
Wise Woman of Hogsdon,2037,WiseWomanofHogsdon_1638,Heywood Thomas,Queen Anne's Men,,1604,1613,1638,26,1638,Comedy,W&R,Adult Professional,13370,,889,13370,937,"1,143",primary
New Wonder,2084,NewWonderWomanNeverVexed_SilentReg_1632,Rowley Samuel,unknown,,1611,1611,1626,16,1632,Comedy,W&R,Adult Professional,21423,,789,21423,545,"2,266",primary
Wife for a Month,2096,WifeForaMonth_1647,Fletcher John,King's Men,,1624,,,1,1647,Tragicomedy,W&R,Adult Professional,B1581,,5143.29,B1581,"2,362",13,primary
English Traveller,2098,EnglishTraveller_1633,Heywood Thomas,Queen Henrietta Maria's Men,,1627,1623,1624,2,1633,Tragicomedy,W&R,Adult Professional,13315,,821,13315,"2,188",342,primary
Game at Chess,2130,GameAtChess_SilentReg_1990,Middleton Thomas,King's Men,,1624,,,1,1990,Political Satire,W&R,Adult Professional,Malone Soc,,725,Malone Soc,"1,833",47,primary
Rule a Wife and Have a Wife,2141,RuleaWife_1679,Fletcher John,King's Men,,1624,,,1,1679,Comedy,W&R,Adult Professional,11073,,985,11073,"2,043",7,primary
Staple of News,2174,StapleofNews_SilentReg_1631,Jonson Ben,King's Men,,1626,,,1,1631,Comedy,W&R,Adult Professional,14754,,5097.04,14754,"2,625",319,primary
Unnatural Combat,2185,UnnaturalCombat_SilentReg_1639,Massinger Philip,King's Men,,1624,1623,1639,17,1639,Tragedy,W&R,Adult Professional,17643,,923,17643,"2,241",0,primary
Roman Actor,2190,RomanActor_SilentReg_1629,Massinger Philip,King's Men,,1626,,,1,1629,Tragedy,W&R,Adult Professional,17642,,740,17642,"2,199",0,primary
Lover's Melancholy,2259,LoversMelancholy_1629,Ford John,King's Men,,1628,,,1,1629,Tragicomedy,W&R,Adult Professional,11163,,734,11163,"1,865",480,primary
New Inn,2263,NewInn_SilentReg_1631,Jonson Ben,King's Men,,1629,,,1,1631,Comedy,W&R,Adult Professional,14780,,767,14780,"2,550",45,primary
Northern Lass,2277,NorthernLass_1632,Brome Richard,King's Men,,1629,,,1,1632,Comedy,W&R,Adult Professional,3819,,793,3819,302,"2,775",primary
Broken Heart,2281,BrokenHeart_SilentReg_1633,Ford John,King's Men,,1630,1625,1633,9,1633,Tragedy,W&R,Adult Professional,11156,,817,11156,"2,421",3,primary
2 Fair Maid of the West,2320,2FairMaidoftheWest_1631,Heywood Thomas,Queen Henrietta Maria's Men,,1631,1621,1631,11,1631,Comedy,W&R,Adult Professional,13320,,774,13320,"2,023",392,primary
'Tis Pity She's a Whore,2329,TisPity_SilentReg_1633,Ford John,Queen Henrietta Maria's Men,,1632,1621,1631,11,1633,Tragedy,W&R,Adult Professional,11165,,823,11165,"1,574",693,primary
Traitor,2337,Traitor_SilentReg_1635,Shirley James,Queen Henrietta Maria's Men,,1631,,,1,1635,Tragedy,W&R,Adult Professional,22458,,842,22458,"2,028",331,primary
Love's Cruelty,2349,LovesCruelty_SilentReg_1640,Shirley James,Queen Henrietta Maria's Men,,1631,,,1,1640,Tragedy,W&R,Adult Professional,22449,,946,22449,"1,217",843,primary
Love's Sacrifice,2360,LovesSacrifice_SilentReg_1633,Ford John,Queen Henrietta Maria's Men,,1632,1626,1633,8,1633,Tragedy,W&R,Adult Professional,11164,,815,11164,"1,650",861,primary
Magnetic Lady,2385,MagneticLady_SilentReg_1640,Jonson Ben,King's Men,,1632,,,1,1640,Comedy,W&R,Adult Professional,14754,,5124.19,14754,"2,272",312,primary
Perkin Warbeck,2399,PerkinWarbeck_1634,Ford John,Queen Henrietta Maria's Men,,1633,1625,1634,10,1634,History,W&R,Adult Professional,11157,,833,11157,"2,368",103,primary
Weeding of the Covent Garden,2401,WeedingofCoventGarden_1658,Brome Richard,King's Men,,1632,1632,1633,2,1658,Comedy,W&R,Adult Professional,B4872,,5182.04,B4872,128,"3,163",primary
Tale of a Tub,2403,TaleofaTub_SilentReg_1640,Jonson Ben,Queen Henrietta Maria's Men,,1633,,,1,1640,Comedy,W&R,Adult Professional,14754,,5124.2,14754,"2,484",14,primary
Gamester,2418,Gamester_1637,Shirley James,Queen Henrietta Maria's Men,,1633,1630,1637,8,1637,Comedy,W&R,Adult Professional,22443,,876,22443,"1,928",511,primary
City Wit,2419,CityWit_1653,Brome Richard,King's Revels Company,,1630,1630,1637,8,1653,Comedy,W&R,Adult Professional,B4866,,1078,B4866,143,"2,751",primary
Challenge for Beauty,2434,ChallengeforBeauty_1636,Heywood Thomas,King's Men,,1635,1634,1636,3,1636,Tragicomedy,W&R,Adult Professional,13311,,858,13311,"1,515",636,primary
Opportunity,2455,Opportunity_1640,Shirley James,Queen Henrietta Maria's Men,,1634,,,1,1640,Comedy,W&R,Adult Professional,22451,,948,22451,"1,858",417,primary
Antiquary,2458,Antiquary_1641,Marmion Shackerley,Queen Henrietta Maria's Men,,1635,1634,1636,3,1641,Comedy,W&R,Adult Professional,M703,,987,M703,"1,013","1,513",primary
Sparagus Garden,2479,SparagusGarden_1640,Brome Richard,King's Revels Company,,1635,,,1,1640,Comedy,W&R,Adult Professional,3820,,970,3820,726,"2,149",primary
Fancies Chaste and Noble,2528,Fancies_1638,Ford John,Queen Henrietta Maria's Men,,1635,1635,1636,2,1638,Comedy,W&R,Adult Professional,11159,,5149.06,11159,"1,696",490,primary
Sir Thomas Wyatt,1369a,SirThomasWyatt_1607,Dekker and Webster,Queen Anne's Men,,1602,,,1,1607,History,W&R,Adult Professional,6537,,499,6537,"1,219",193,primary
Yorkshire Tragedy,1484a,YorkshireTragedy_SilentReg_1608,Middleton Thomas,King's Men,,1605,1605,1608,4,1608,Tragedy,W&R,Adult Professional,22340,,523,22340,536,268,primary
Aglaura,NA,Aglaura_SilentReg_1638,Suckling John,King's Men,,1637,NA,NA,NA,1638,Tragedy; Tragicomedy,DEEP,Adult Professional,23420,,902,23420,NA,NA,primary
Brothers,NA,Brothers_1653,Shirley James,King's Men,,1641,NA,NA,NA,1653,Comedy,DEEP,Adult Professional,S3486,,1080,S3486,NA,NA,primary
Cardinal,NA,Cardinal_SilentReg_1653,Shirley James,King's Men,,1641,NA,NA,NA,1652,Tragedy,DEEP,Adult Professional,S3461,,1084,S3461,NA,NA,primary
Jovial Crew or The Merry Beggars,NA,JovialCrew_1652,Brome Richard,Beeston's Boys,,1641,NA,NA,NA,1652,Comedy,DEEP,Adult Professional,B4873,,1062,B4873,NA,NA,primary
Lady's Trial,NA,LadiesTrial_1639,Ford John,Beeston's Boys,,1638,NA,NA,NA,1639,Comedy,DEEP,Boys Professional,11161,,918,11161,NA,NA,primary
Mad Couple Well Matched,NA,MadCoupleWellMatched_1653,Brome Richard,Beeston's Boys,,1639,NA,NA,NA,1653,Comedy,DEEP,Boys Professional,B4871,,5153.01,B4871,NA,NA,primary
Royal Master,NA,RoyalMaster_1638,Shirley James,Olgilby's Men; Queen Henrietta Maria's Men,,1637,NA,NA,NA,1638,Comedy,DEEP,Adult Professional,22454,,896,22454,NA,NA,primary
Sad Shepherd,NA,SadShepherd_SilentReg_1640,Jonson Ben,NA,,1637,NA,NA,NA,1640,Comic Pastoral,DEEP,Unacted; Professional (?),14754,,5124.21,14754,NA,NA,primary
Sisters,NA,Sisters_1653,Shirley James,King's Men,,1642,NA,NA,NA,1653,Comedy,DEEP,Adult Professional,S3485,,1081,S3485,NA,NA,primary
Unfortunate Lovers,NA,UnfortunateLovers_SilentReg_1643,Davenant William,King's Men,,1638,NA,NA,NA,1643,Tragedy,DEEP,Adult Professional,D348,,999,D348,NA,NA,primary
,,,,,,,,,,,,,,,,,,,,
